{
  "baseline": {
    "mae": 8.290014304016443,
    "mdae": 4.7134679602854535,
    "bias": 0.44739588341368347
  },
  "primary": {
    "mae": 8.71561404266736,
    "mdae": 4.119730555813337,
    "bias": 0.7148356699174004
  }
}